{"cameraMode":{"drawMode":0,"name":"Shaded","section":"Shading Mode"},"sceneLighting":true,"audioPlay":false,"sceneViewState":{"showFog":true,"showMaterialUpdate":false,"showSkybox":true,"showFlares":true,"showImageEffects":true,"showParticleSystems":true},"in2DMode":false,"pivot":{"x":0.498018741607666,"y":-3.527714729309082,"z":-2.40606689453125},"rotation":{"x":-0.2478426843881607,"y":0.15526194870471955,"z":-0.04027576744556427,"w":-0.9554305076599121},"size":25.65157699584961,"orthographic":false}