{"cameraMode":{"drawMode":0,"name":"Shaded","section":"Shading Mode"},"sceneLighting":true,"audioPlay":false,"sceneViewState":{"showFog":true,"showMaterialUpdate":false,"showSkybox":true,"showFlares":true,"showImageEffects":true,"showParticleSystems":true},"in2DMode":false,"pivot":{"x":-20.827754974365236,"y":3.745248794555664,"z":-6.054901123046875},"rotation":{"x":-0.10957024991512299,"y":0.01848389394581318,"z":-0.002038035076111555,"w":-0.9938068389892578},"size":77.83442687988281,"orthographic":false}